Step,HEARING,AWARENESS,CONTROL
10000,0.058333334,0.095238104,0.086111099
20000,0.074904002,0.004000001,0.110505275
30000,0.080600001,0.063461542,0.03335999
40000,0.011539127,0.184739128,0.071760006
50000,0.065624997,0.004809521,0.062190473
60000,0.108917654,0.065705881,0.104999997
70000,0.129033342,0.0955,0.146626681
80000,0.045161545,0.050933331,0.047647621
90000,0.068260022,0.086111113,0.024999991
100000,-0.031021051,0.037035305,0.092073686
110000,0.050000001,0.021229269,0.036227584
120000,0.087117665,0.093460873,0.022727268
130000,0.067688875,0.05247001,0.0625
140000,0.080010004,0.122255564,0.075000003
150000,0.05496667,0.046887491,0.178988233
160000,0.048894122,0.055100001,0.038559996
170000,0.091666691,0.05780001,0.04069566
180000,0.170564711,0.037500009,0.105260879
190000,0.018016001,0.132046163,0.019965516
200000,0.113147371,0.065560006,0.254490912
210000,0.057700004,0.075985186,0.033138461
220000,0.080409095,0.087399997,0.013761911
230000,0.076260872,0.087530002,0.103571422
240000,0.068749994,0.037950017,0.189946696
250000,0.044642858,0.06286668,0.021809084
260000,0.050000004,0.075000003,0.079174995
270000,0.081818186,0.126453325,0.02724614
280000,0.067857116,0.034707692,0.102380954
290000,0.071875006,0.055929407,0.036842111
300000,0.054166667,0.039285716,0.06428571
310000,0.00714286,0.054832261,0.05677272
320000,0.142084226,0.007905257,0.066300005
330000,0.023930438,0.082600012,0.023833344
340000,0.098200008,-0.004752386,0.06043078
350000,0.093807153,0.055555556,0.139541179
360000,0.034107693,0.102810532,-0.013246165
370000,0.021989193,0.060347371,0.1175
380000,0.134375006,0.050000008,0.05833333
390000,0.055000003,0.130553842,0.132800013
400000,0.161507696,0.0002154,0.051913325
410000,-0.002845714,0.102008,-0.006875869
420000,0.075258836,0.086460009,0.089285716
430000,0.046219051,0.021373348,0.072500005
440000,0.082500018,0.102777772,0.127272725
450000,0.107852645,0.124863155,0.080555551
460000,0.051016666,-0.009073697,0.120000012
470000,0.078023531,0.070638098,0.020344829
480000,0.159973338,0.050976466,0.052777778
490000,0.002191301,0.068161905,0.145200014
500000,0.153333336,0.10101112,0.027473671
510000,0.050947059,0.060192864,0.053124998
520000,0.018822215,0.024411766,0.089583345
530000,0.090692312,0.085452192,0.108333327
540000,0.073076926,0.025505261,0.052941181
550000,0.108333334,0.128260881,0.133306682
560000,0.122727275,0.002380951,0.057723079
570000,0.102599993,0.042857133,0.047727264
580000,0.012024006,0.098547831,0.106250003
590000,0.067500003,0.081630006,0.025000015
600000,0.037499998,0.072736368,0.169973359
610000,0.028333332,0.059483342,-0.010593939
620000,0.074170373,0.051352948,0.036363635
630000,0.061022233,0.125129431,0.056250006
640000,0.111390002,0.073263645,0.05714285
650000,0.024746664,0.056529418,0.132885724
660000,0.064999998,0.05681818,0.017800001
670000,0.120070584,0.047619049,0.055000003
680000,0.052636366,0.07500001,0.045833331
690000,0.057200003,0.089893334,0.135247067
700000,0.056781814,0.064799994,0.008730437
710000,0.0515,0.04876522,0.055769242
720000,0.048323814,0.116376482,0.053571433
730000,0.083619058,0.090000011,0.085714288
740000,0.014352936,0.072685719,0.03409091
750000,0.07249999,0.014069564,-0.009090914
760000,0.096852176,0.128670603,0.059999991
770000,0.050420001,0.0173,0.053124998
780000,0.071895234,0.101083331,0.110000014
790000,0.045312501,-0.009600004,0.081200004
800000,0.148608699,0.046875007,-0.032305889
810000,0.053280007,0.089586221,0.072973914
820000,0.19083637,0.038959999,0.135116667
830000,0.005305268,0.098640002,0.091633327
840000,0.145482361,0.08612857,0.02672001
850000,0.063608341,0.049723819,0.042857155
860000,0.01191428,0.039285708,0.099959984
870000,0.062500007,0.108678259,-0.005847063
880000,0.087500006,0.010026672,0.107413344
890000,0.090120003,0.055000007,0.029947829
900000,0.074812502,0.05227273,0.035714265
910000,0.018085711,0.108593106,0.064462073
920000,0.08540953,0.036060002,0.046490002
930000,0.074999996,0.056171436,0.040053327
940000,0.118926331,0.09690588,0.029545447
950000,0.045683336,0.022318518,0.020000011
960000,0.033894736,0.083980955,0.025000002
970000,0.153571427,0.012459263,0.120847628
980000,0.06818182,0.089583337,0.116349995
990000,0.056818176,0.104166679,0.082157142
1000000,0.121857151,0.141152933,0.042876195
1010000,0.015425003,0.004016,0.040909089
1020000,0.117022224,0.057142854,0.082419053
1030000,0.020703997,0.129986674,0.010649997
1040000,0.036363639,-0.004527271,0.068745464
1050000,0.078124985,0.11290589,0.117857143
1060000,0.077777773,0.073571436,0.062500007
1070000,0.164670601,0.071471445,0.17938824
1080000,0.075025015,0.079149999,-0.007873693
1090000,0.069238469,0.053112492,0.123505883
1100000,0.053199999,0.058350001,0.080020003
1110000,0.031192848,-0.011825,0.029064285
1120000,0.076642103,0.061475009,0.146799996
1130000,0.082142852,0.056693334,0.071552947
1140000,0.082063176,0.072222225,0.148583323
1150000,0.10376364,0.153320014,0.034503449
1160000,0.10537,0.023819046,0.035000008
1170000,0.008023996,0.138211772,0.125000015
1180000,0.023747826,0.069455564,0.071874991
1190000,0.014955561,0.001666667,0.074999996
1200000,0.046875007,0.140990004,0.049999997
1210000,0.021428574,0.042849991,0.066666678
1220000,0.054999989,0.014876923,0.090625003
1230000,0.099960007,0.133293346,0.075000003
1240000,0.067700006,0.060742859,0.126653343
1250000,0.076789998,0.04688751,0.010536836
1260000,0.054255556,-0.016271425,0.099978954
1270000,0.024422225,0.03692941,0.014729416
1280000,0.039530437,0.113319993,0.091666669
1290000,0.16285333,0.030959997,0.066666663
1300000,0.024460608,0.079010002,0.087729417
1310000,0.057731032,0.028812116,0.110750012
1320000,0.001517641,0.058333334,-0.021400001
1330000,0.057142857,0.116628572,0.024999999
1340000,0.065200001,0.015446163,0.080917656
1350000,0.060671426,0.041666664,0.019705273
1360000,0.093837507,0.059944004,0.135630757
1370000,0.099975005,0.025160002,0.069120005
1380000,0.018452626,0.128385723,0.141618207
1390000,0.128533348,0.020635288,0.068262495
1400000,0.015252173,0.06666667,0.038235292
1410000,0.0390625,0.0390625,0.113126323
1420000,0.101923086,0.119028591,0.047094122
1430000,0.108264014,1.74E-05,0.102877416
1440000,0.092342868,0.11666669,0.087812506
1450000,0.050035294,-0.006666669,0.0625
1460000,0.115909092,0.063888893,-0.049957898
1470000,0.079999998,0.093181819,0.040000003
1480000,0.137717649,0.031818181,0.079782605
1490000,0.020188877,0.092200004,0.000714285
1500000,0.055611767,0.044100009,0.147035286
1510000,0.077083334,0.031610522,0.053876925
1520000,0.148835301,0.115789481,0.090625025
1530000,0.056305271,0.01923077,0.178915784
1540000,0.082499996,0.1236737,0.046679996
1550000,0.100000001,0.00527369,-0.0036087
1560000,0.099436365,0.069230765,0.124213338
1570000,0.100845464,0.128663167,0.055862509
1580000,-0.015789479,0.016309099,-0.035705894
1590000,0.097023539,0.023329409,0.067857154
1600000,0.040072728,0.108811773,0.042063162
1610000,0.036939394,0.017181823,0.014323799
1620000,0.047171436,0.027927261,0.043749999
1630000,0.011959992,0.086125009,0.065417394
1640000,0.074999996,0.068609528,0.055569235
1650000,0.105789475,0.075000003,0.003892312
1660000,0.076818191,0.059374999,0.0625
1670000,0.011399993,0.158613324,0.132893339
1680000,0.033565231,0.088358335,0.077830002
1690000,0.137500018,0.027785184,0.007390006
1700000,0.116000012,0.082142845,0.036282752
1710000,0.052084614,0.072222233,0.081250012
1720000,0.05335455,0.042857144,0.116640002
1730000,0.054930005,0.148809522,-0.015353844
1740000,0.021126315,0.00147059,0.047222227
1750000,0.167635307,0.176435307,0.159374997
1760000,0.038037498,0.011800023,0.137500003
1770000,0.104140006,0.143293336,0.032500006
1780000,0.058835298,0.003861539,0.133333325
1790000,0.14465265,0.050010528,0.156345457
1800000,-0.026231579,0.113157906,0.007658811
1810000,0.033333331,-0.026666669,0.120536849
1820000,0.071153849,0.060000002,-0.017608
1830000,0.147058815,0.09375,0.089511119
1840000,0.067800008,0.144094124,0.06809143
1850000,0.082540005,0.034799997,0.084090903
1860000,0.062449999,0.079166681,0.035714295
1870000,0.030744446,0.110760003,0.119009532
1880000,0.073376469,0.040025,0.002673685
1890000,0.103846155,0.018019997,0.254527301
1900000,0.091666669,0.150966674,0.022788882
1910000,0.063318521,0.03001333,0.109093331
1920000,0.079423532,0.056477424,0.035530429
1930000,0.02896552,0.061011124,0.092500009
1940000,0.091666676,0.023400007,0.071263999
1950000,0.120104752,0.154984608,0.105936363
1960000,0.053704754,-0.027341181,0.164825007
1970000,0.091666684,0.037500009,0.041211765
1980000,0.113126315,0.100431591,0.093181826
1990000,-0.011729412,0.121362515,0.154000014
2000000,0.128571436,0.016000003,0.04130435
2010000,0.126226664,0.038235299,0.150000021
2020000,0.042837031,0.065625012,0.09573333
2030000,0.062500007,0.055000003,0.065935142
2040000,0.111904763,0.149973333,0.064285725
2050000,0.023999993,0.093737498,0.209485725
2060000,0.153815389,0.100022234,0.048025001
2070000,0.084876917,-0.017382609,0.051363636
2080000,0.039573323,0.126640007,0.014546672
2090000,0.033928569,0.054365214,0.061363641
2100000,0.080555558,0.046875004,0.097222231
2110000,0.086547829,0.07196217,0.054412909
2120000,0.079442106,0.099299997,0.01796522
2130000,0.093181819,0.053823072,0.114666671
2140000,0.064285718,-0.010494746,0.075739138
2150000,0.095991999,0.14429234,0.066321738
2160000,0.032008007,0.05621,0.048983999
2170000,0.053571433,0.031818185,0.229476929
2180000,0.087499999,0.075000018,0.078991301
2190000,0.055555567,0.109973349,0.065000005
2200000,0.158678278,0.078033321,0.040909093
2210000,0.082017645,0.07863,0.118063994
2220000,0.083895244,0.05560001,0.047756523
2230000,0.08065217,0.083323821,0.064285725
2240000,0.109720007,0.04615384,0.100000024
2250000,0.04829656,0.075000003,0.147023544
2260000,0.080000006,0.016666671,0.010040026
2270000,0.090000004,0.084615394,0.069642857
2280000,0.079166673,0.092857152,0.086111128
2290000,0.059999995,0.173030764,0.117975995
2300000,0.168410525,0.008700002,0.005917651
2310000,0.052862857,0.082092851,0.028846152
2320000,0.04986088,0.019657146,0.107692324
2330000,0.076342866,0.089285724,0.175773337
2340000,0.095833339,0.131034493,0.035365209
2350000,0.06333334,0.019047612,0.09043809
2360000,0.094444439,0.047727272,0.050010003
2370000,0.079545453,0.106858835,0.052199997
2380000,0.10406667,0.07301905,0.128905267
2390000,0.054982606,0.153784603,0.071750015
2400000,0.133586675,0.002419048,0.056433339
2410000,0.035044443,0.0859375,0.064516127
2420000,0.062006906,0.041666672,0.091788247
2430000,0.075792857,0.126839995,0.065242112
2440000,0.136827275,0.069910005,0.149973348
2450000,0.132025003,0.041269574,0.08943335
2460000,0.128600001,0.092857145,0.074157141
2470000,0.041439999,0.121409521,0.07433749
2480000,0.089285724,0.068089999,0.083830006
2490000,0.071875013,0.045874074,0.073723815
2500000,0.087500021,0.126586676,0.069230773
2510000,0.096224248,0.01670303,0.048437506
2520000,0.037415389,0.13181819,0.097222231
2530000,0.036070008,0.049989998,0.115625009
2540000,0.06985455,0.064300001,0.069444455
2550000,0.167863652,0.003999996,0.064285733
2560000,0.110699996,0.127320006,0.149440005
2570000,0.108033367,-0.000576462,0.079157151
2580000,0.084741659,0.075000003,0.065581828
2590000,0.014242102,0.097087994,0.093500011
2600000,0.102777787,0.071699999,0.01767059
2610000,0.081944451,-0.001240003,0.070768006
2620000,0.091666669,0.129984006,0.090027273
2630000,0.087499999,0.067292303,0.042864289
2640000,0.083333336,0.029458817,0.029411774
2650000,0.124999985,0.084631585,0.161764696
2660000,0.127200007,0.053407408,0.094733328
2670000,0.044778947,0.066247635,0.036971431
2680000,0.110526323,0.081591673,0.147506669
2690000,0.032608695,-0.023494123,0.028670575
2700000,0.123720005,0.095705889,0.123771437
2710000,-0.005216219,0.046641674,0.086146161
2720000,0.106666669,0.058350001,0.000523807
2730000,0.134090915,0.155733347,0.037500005
2740000,0.117907695,0.010526316,0.108695656
2750000,0.068349995,0.143306673,0.041176468
2760000,0.050013348,0.039147817,0.12250001
2770000,0.113461539,0.077083342,0.104464009
2780000,0.063636363,0.035714284,0.048842859
2790000,0.072499998,0.071875006,0.035577781
2800000,0.040625006,0.126188248,0.045484222
2810000,0.061538469,0.060028579,0.071666673
2820000,0.094444454,0.014933338,0.11662858
2830000,0.077499993,0.086363636,0.08126875
2840000,0.110852174,0.12666668,0.028580952
2850000,0.089880005,0.091666676,0.158936009
2860000,0.091341183,0.051659994,0.079838105
2870000,0.132142887,-0.003961902,0.100000009
2880000,0.097105898,0.038461544,0.055263165
2890000,0.087500006,0.220894128,0.113104358
2900000,0.03671765,0.107409999,0.07992667
2910000,0.072652183,0.030286962,0.038031995
2920000,0.141839996,0.03409091,0.213136852
2930000,0.086617395,0.065000013,0.042688891
2940000,0.152929425,0.170552939,0.022577779
2950000,0.052377772,0.073237494,0.028373353
2960000,0.051505256,0.053752374,0.110324144
2970000,0.071438096,0.065625004,0.048024006
2980000,0.103846163,0.06666667,0.132142872
2990000,0.129946679,0.071875013,0.081249997
3000000,0.054032005,0.068750016,0.123992018
3010000,0.074113049,0.043248005,0.010612117
3020000,0.071816012,0.021066669,0.078749999
3030000,0.087895252,0.115182616,0.104533345
3040000,0.046168007,0.025955556,0.076419055
3050000,0.161538452,0.135384619,0.065000005
3060000,-0.007692323,0.028095234,0.131270602
3070000,0.105000019,0.072980955,0.053587876
3080000,0.130555555,0.100944459,0.070454545
3090000,0.077500001,0.052964699,0.077400006
3100000,0.142084211,0.061538469,0.062689483
3110000,0.041440003,0.100000009,0.025359999
3120000,0.098466672,0.168410525,0.053846158
3130000,0.097064711,0.010878259,0.13818261
3140000,0.115612477,0.12389566,0.088812493
3150000,0.004858065,0.056241669,0.039266665
3160000,0.114600018,0.03098095,0.075954288
3170000,0.084878579,0.095833331,0.084375016
3180000,0.016670264,0.099552006,0.094180949
3190000,0.142505288,0.091400012,0.089192316
3200000,0.060587503,0.036999989,0.019424992
3210000,0.064144,0.038699999,0.044916138
3220000,0.092647068,0.056811109,0.10357143
3230000,0.115392596,0.072084621,0.127083331
3240000,0.013542852,0.062757902,0.203319997
3250000,0.155217409,0.090352006,0.053036373
3260000,0.037490003,0.080092326,0.060483873
3270000,0.123571433,0.119926304,0.060897443
3280000,0.056008,-0.009399997,0.105555572
3290000,0.123076923,0.082305893,0.102272734
3300000,0.097222231,0.071037501,0.079166666
3310000,0.103714287,0.029490327,0.082993545
3320000,0.009538461,0.079976,0.052859262
3330000,0.17485714,0.055566676,0.149952948
3340000,0.05984614,0.057940003,0.093626671
3350000,0.129166648,0.0043619,0.059645455
3360000,0.092828579,0.059090912,0.117474996
3370000,0.004024008,0.173030764,0.126175016
3380000,0.122200005,-0.026626669,0.048250001
3390000,0.00266315,0.061363634,0.102936007
3400000,0.1152087,0.104166664,0.144105881
3410000,0.108313337,0.110352397,0.053036366
3420000,0.047579169,0.078264706,0.078484453
3430000,0.050586212,0.009031599,0.194157153
3440000,0.106578946,0.126666665,0.048991665
3450000,0.072916672,0.092490003,0.040691432
3460000,0.085961908,0.006008003,0.15259999
3470000,0.043380655,0.088888891,0.071872726
3480000,0.173673689,0.135990471,0.056977779
3490000,0.007149998,0.083750002,0.070580013
3500000,0.116400011,0.027326327,0.061140742
3510000,0.05462499,0.037500013,0.079166673
3520000,0.065677784,0.044736844,0.119715162
3530000,0.072044447,0.077500001,0.011876188
3540000,0.072733343,0.057142861,0.052272726
3550000,0.068750009,0.099999994,0.096875004
3560000,0.194070607,0.091666669,0.082500018
3570000,-0.0236421,0.170576483,0.076666668
3580000,0.043181814,0.03516924,0.037500001
3590000,0.064605407,0.032268967,0.13602069
3600000,0.102088869,0.118231997,0.024274083
3610000,0.115814298,0.102699995,0.127168417
3620000,0.077393338,0.030116664,0.059640009
3630000,0.058769234,0.050965212,0.084090918
3640000,0.07071726,0.065909088,0.104926325
3650000,0.123878255,0.102777787,0.072787091
3660000,0.056032002,0.075000003,0.055882353
3670000,0.078846164,0.064285725,0.089285716
3680000,0.101190478,0.069990009,0.100000001
3690000,0.133323818,-0.009514286,0.122214824
3700000,0.052008003,0.045833342,0.025933336
3710000,0.070000008,0.14595297,0.124110341
3720000,0.087495655,0.002193753,0.018102128
3730000,0.124436371,0.038464282,0.086838715
3740000,0.078125015,0.067695253,0.06750001
3750000,0.103250004,0.070800006,0.109383337
3760000,0.049920011,0.083529994,0.070133343
3770000,0.134462073,0.053276926,0.115337521
3780000,0.028588573,0.131410524,0.077614293
3790000,0.1159091,0.112071425,0.047664516
3800000,0.065625004,0.054431587,0.109259263
3810000,0.046428584,0.121875003,0.062692843
3820000,0.031666663,0.039548393,0.035234146
3830000,0.100000009,0.095212497,0.104313046
3840000,0.102371439,0.026347362,0.046457149
3850000,0.041313045,0.067647062,0.063060887
3860000,0.121153854,0.087499999,0.108333357
3870000,0.141733333,0.167647064,0.026666665
3880000,0.05928335,0.091622226,0.091608711
3890000,3.48E-05,0.030327277,0.059330769
3900000,0.086193107,0.102777787,0.050016005
3910000,0.075960003,0.144094139,0.118410528
3920000,0.07369756,1.38E-05,0.024380956
3930000,0.126052171,0.090188235,0.019188238
3940000,0.030670971,0.072875001,0.047500007
3950000,0.061363652,-0.015182602,0.13181819
3960000,0.115496553,0.141073704,0.135270596
3970000,0.030024001,0.024682345,0.05632728
3980000,0.088827029,0.087499999,0.058484212
3990000,0.156300008,0.176907703,0.121721752
4000000,0.053225812,0.091666669,0.034015995
4010000,0.112600006,-0.002621061,0.161752954
4020000,0.017843241,0.05166667,0.056417394
4030000,0.085416667,0.101341181,-0.018809535
4040000,0.049999997,0.064589493,0.052777771
4050000,0.10374815,0.059374996,0.057240009
4060000,0.05365926,0.100000009,0.097746156
4070000,0.078635901,0.027499998,0.03287857
4080000,0.059971422,0.059469566,0.052060001
4090000,0.029900007,0.048952945,0.071383335
4100000,0.103471436,0.081249997,0.02773333
4110000,0.092828572,0.161492303,0.136260003
4120000,0.024103716,0.035742857,0.058720004
4130000,0.051785719,0.099172413,0.028657161
4140000,0.106444448,0.054571439,0.065000013
4150000,0.056338891,0.062679991,0.098707698
4160000,0.107380003,0.108231582,0.089353845
4170000,0.023921739,0.061363641,0.02726957
4180000,0.052272733,0.088076197,0.061538469
4190000,0.109739125,0.071069993,0.076562501
4200000,-0.040307686,0.001074074,0.061904769
4210000,0.064583339,0.109090917,0.063541465
4220000,0.103846163,0.045833323,0.07894884
4230000,0.059375003,0.088151723,0.053333342
4240000,0.104315795,0.046437494,0.071153849
4250000,0.112172745,-0.039960008,0.108782865
4260000,0.067400008,0.047222219,0.035704006
4270000,0.170000002,0.086120002,0.061538465
4280000,0.091874994,0.051880009,0.095161296
4290000,0.0788,0.052777775,0.096666671
4300000,0.098460004,0.154359996,0.001999998
4310000,0.130761549,0.086729996,0.093968004
4320000,0.072016001,-0.011538468,0.065784
4330000,0.114626095,0.064897567,0.071270607
4340000,0.050350003,0.045210004,0.099980965
4350000,0.08597143,0.033399999,0.046016
4360000,0.0744,0.156653345,0.14409411
4370000,0.098808341,0.053836357,0.042323079
4380000,0.074707702,0.067324996,0.054166667
4390000,0.040013336,0.151857138,0.094444461
4400000,0.067307696,0.031478263,0.097199999
4410000,0.121811427,0.010000003,-0.023663159
4420000,0.05737501,0.090625003,0.059090909
4430000,0.052838106,0.066909686,0.054902859
4440000,0.118750028,0.03943,0.092400007
4450000,0.08677838,0.131228566,0.021739131
4460000,0.099431597,-0.010000013,0.084295228
4470000,0.115330443,0.054411765,0.013517644
4480000,0.0634,0.120000005,0.103846155
4490000,0.094935708,0.032672733,0.122727275
4500000,0.078869566,0.105422236,0.105076939
4510000,0.105000004,0.059779309,0.052211761
4520000,0.110941179,0.125321746,0.051059093
4530000,0.050689995,0.04784118,-0.006561911
4540000,0.049977779,-0.017266667,0.057705272
4550000,0.028023995,0.115625001,0.139044449
4560000,0.138416022,0.123504773,0.017694112
4570000,0.092749998,0.040255994,0.079166666
4580000,0.037040003,0.028846154,0.077272736
4590000,0.02861429,0.176447079,0.11001052
4600000,0.046393551,0.073930442,0.057609525
4610000,0.090909101,0.11048422,0.094642863
4620000,0.115625001,0.029458817,0.104999997
4630000,0.117968,0.030882355,0.062499989
4640000,0.048032008,0.085800007,0.063333333
4650000,0.152917668,0.025494119,0.100000001
4660000,0.037814636,0.043181814,0.094444446
4670000,0.088333338,0.161523074,0.139095664
4680000,0.102137931,0.079183362,0.046215385
4690000,0.089241378,0.074942872,0.069736846
4700000,0.080882356,0.072925001,0.114973925
4710000,0.134789467,0.113645449,0.06705334
4720000,0.043560006,0.010886959,0.05751111
4730000,0.083327271,0.07083334,0.082903706
4740000,0.057697441,0.137500003,0.100000009
4750000,0.075000003,0.145000011,0.093452185
4760000,0.191176489,0.077500015,0.042885706
4770000,0.091421418,0.030555554,0.147791311
4780000,0.05438235,0.100000009,0.015446148
4790000,0.111920007,0.089285716,0.164276198
4800000,0.092152938,0.073853344,0.048577137
4810000,0.006539129,0.123700023,0.050000004
4820000,0.137022227,0.052519996,0.053754099
4830000,0.047086671,0.052631583,0.091989473
4840000,0.117926672,0.152917668,0.08021906
4850000,0.026829271,0.036015991,0.088881835
4860000,0.141422853,0.100000009,0.089494742
4870000,0.055227779,0.147011772,0.065992855
4880000,0.05533335,0.072233342,-0.017295651
4890000,0.142834798,0.090840019,0.157666668
4900000,0.051727589,0.048400003,0.085721061
4910000,0.054982595,0.034090914,0.082024992
4920000,0.078846157,0.04000001,0.082606666
4930000,0.047222223,0.124874078,0.042658068
4940000,0.038333338,0.05993044,0.037500005
4950000,0.090000011,0.079166666,0.119672731
4960000,0.111876197,0.074826092,0.048995916
4970000,0.024392309,0.04135333,0.067307696
4980000,0.070278257,0.102555558,0.131047621
4990000,0.06705714,0.067300014,0.062000006
5000000,0.053760786,0.055366665,0.053571422
5010000,0.03409091,0.108706675,0.103333332
5020000,0.095833346,0.096927993,0.090502225
5030000,0.065000005,0.06580741,0.109441675
5040000,0.076785728,0.157133341,0.095006675
5050000,0.059913035,0.078099996,0.055193111
5060000,0.064636372,0.017682344,0.085714296
5070000,0.046000004,0.119019054,0.049000006
5080000,0.092424251,0.053373344,0.134482354
5090000,0.027393749,0.12187501,0.052030001
5100000,0.059408892,0.100000001,0.058020689
5110000,0.075000003,0.023333324,0.101834297
5120000,0.127755567,0.081249997,0.054844067
5130000,0.04922308,0.09848801,0.083642557
5140000,0.055371433,0.072980009,0.051105887
5150000,0.050971437,0.089500003,0.102499999
5160000,0.051785715,0.084736362,0.150000006
5170000,0.104580961,0.133487508,0.075862072
5180000,0.023990469,0.07500001,0.073019356
5190000,0.113341942,0.014829633,0.073956758
5200000,0.077238888,0.146613345,0.087854549
5210000,0.07873714,0.020635303,0.055378575
5220000,0.039130434,0.091655999,0.048952177
5230000,0.13333334,0.006924999,0.105205275
5240000,0.073320001,0.105444446,0.060294125
5250000,0.068557896,0.083209105,0.114228576
5260000,0.027264522,0.042684611,0.057500005
5270000,0.03888889,0.076061539,0.060822219
5280000,0.181984007,0.051352937,0.082499996
5290000,0.051638447,0.107123807,0.071728006
5300000,0.062985711,-0.003306672,0.075557895
5310000,0.127566665,0.056944449,0.050000001
5320000,0.024345944,0.084276192,0.063000008
5330000,0.149986669,0.053989999,0.081298113
5340000,0.019884624,0.014112823,0.053377781
5350000,0.095220007,0.211815387,0.069817401
5360000,0.052918512,0.073494732,0.076010533
5370000,0.149938464,0.130695239,0.051136371
5380000,0.092961542,0.112536378,0.094344839
5390000,0.038621061,0.062156521,0.032559991
5400000,0.086000003,0.095000006,0.090000004
5410000,0.028594445,0.087500013,0.075000003
5420000,0.04336191,0.106250018,0.116666667
5430000,0.035977144,0.101599999,0.052693106
5440000,0.102142863,0.028857138,0.022199998
5450000,0.06416364,0.114248,0.088560008
5460000,0.065221056,0.095550008,0.082627781
5470000,0.129600003,0.100037508,0.017100001
5480000,0.024008324,0.05981819,0.091747828
5490000,0.089266665,0.062000014,0.168447629
5500000,0.049251612,0.019655176,0.063143596
5510000,0.036044445,0.056249999,0.09888
5520000,0.070000023,0.083834484,0.086752936
5530000,0.04285714,0.074586675,0.029058073
5540000,0.096551999,0.130712017,0.05138889
5550000,0.128881827,0.025423529,0.055681821
5560000,0.06525217,0.06750001,0.088441029
5570000,0.142094746,0.06818182,0.099975005
5580000,0.124988884,0.117117636,0.112941936
5590000,0.13961111,0.07540001,0.07
5600000,0.045730766,0.071747817,0.168057159
5610000,0.039389472,0.055357147,0.042400002
5620000,0.072727285,0.085704759,0.095779493
5630000,0.166626677,0.035305884,0.054207843
5640000,0.071471438,0.048529413,0.145626098
5650000,0.028260875,0.079886965,0.030269237
5660000,0.074655175,0.065765217,0.01647778
5670000,0.089250006,0.104644448,0.046297144
5680000,0.104899988,0.06636551,0.051066678
5690000,0.037111107,0.103571437,0.081827037
5700000,0.129946679,0.094293326,0.082376458
5710000,0.047389477,0.190433353,0.041453663
5720000,0.055746153,0.020016,0.073638104
5730000,0.0548,0.084615394,0.067420408
5740000,0.009676915,0.052941181,0.061363634
5750000,0.09799201,0.168410555,0.111538462
5760000,0.037103228,0.057999995,0.155042112
5770000,0.079999998,0.07621,0.014167996
5780000,0.141666681,0.049991664,0.056944449
5790000,0.045000006,0.056677781,0.098745465
5800000,0.060000002,0.056153852,0.041082751
5810000,0.063936591,0.134258837,0.04868421
5820000,0.052199997,0.01934737,0.067647062
5830000,0.087499999,0.056818176,0.04130435
5840000,0.079166666,0.029166669,0.123886965
5850000,0.147799999,0.044999998,0.059418753
5860000,0.056275018,0.042857144,0.057104766
5870000,0.054400004,0.098000005,0.132000014
5880000,0.075450018,0.047999997,0.068054549
5890000,0.06949091,0.025000006,0.026994873
5900000,0.108686961,0.086363621,0.062500007
5910000,0.032936361,0.095520012,0.070000008
5920000,0.081,0.069611765,0.090000004
5930000,0.039137933,0.010026658,0.072499998
5940000,0.029545452,0.022222225,0.147983998
5950000,0.107692301,0.161521748,0.003462067
5960000,0.095588237,0.028728556,0.054166671
5970000,0.043181829,0.027311999,0.050000001
5980000,0.101923086,0.124936864,0.179560006
5990000,0.085533336,0.067090906,0.04555238
6000000,0.119353846,0.0625,0.050360005
6010000,0.041571438,0.041587513,0.070920005
6020000,0.111344457,0.117774986,0.018200006
6030000,0.060886949,0.05336,0.053211767
6040000,0.067857139,0.086619042,0.081250004
6050000,0.095945954,0.04934483,0.095588244
6060000,0.063918181,0.058333341,0.071153849
6070000,0.009752004,0.166682363,0.101666674
6080000,0.1523619,0.134147376,0.196153864
6090000,0.054803707,0.054862499,0.042857148
6100000,-0.008368426,0.016234785,0.071875006
6110000,0.059474424,0.102083333,0.05100606
6120000,0.025926314,0.072937928,0.080533333
6130000,0.173800021,0.101545453,0.023376191
6140000,0.083836369,0.011811771,0.061903231
6150000,0.084515795,0.148773327,0.12578097
6160000,0.047727276,0.054023534,0.074136846
6170000,0.070652179,0.189463168,0.138869584
6180000,0.116223529,0.015800001,0.057314284
6190000,0.044672735,0.123076923,0.075000003
6200000,0.113636374,0.09892381,0.047222227
6210000,0.102658182,0.101109996,0.070238099
6220000,0.098152012,0.114922218,0.05555556
6230000,0.065384611,0.066613793,0.052776746
6240000,0.07891351,0.087095238,0.054881088
6250000,0.109328575,0.080407411,0.045312509
6260000,0.100612909,0.146685734,0.081773333
6270000,0.074999996,0.044783991,0.104999997
6280000,0.059210535,0.087864012,0.024382353
6290000,0.084090911,0.032875866,0.115033336
6300000,0.086216219,0.140028566,0.072874293
6310000,0.090210721,0.164388895,0.059090912
6320000,0.090875007,-0.005858826,0.076785721
6330000,0.036369693,0.085000001,0.073167272
6340000,0.166657165,0.122200005,0.111544453
6350000,0.076907702,0.00402399,0.048814818
6360000,0.05030001,0.105968006,0.063235305
6370000,0.096882366,0.021773905,0.128552392
6380000,0.053703703,0.029687498,0.00908461
6390000,0.08625,0.096000001,0.081834294
6400000,0.039285712,0.003333337,0.17105265
6410000,0.06429819,0.103125013,0.025757575
6420000,0.091817141,0.074503712,0.112494126
6430000,0.09375,0.025582612,0.072925009
6440000,0.069587089,0.057142854,0.083769239
6450000,0.085706249,0.186352938,0.066437505
6460000,0.070463635,0.045111105,0.046423074
6470000,0.050000008,0.176633328,0.075719997
6480000,0.088888898,0.008077416,0.100000009
6490000,0.108200014,0.065384619,0.072413795
6500000,0.111840002,0.075000003,0.086666666
6510000,0.029391838,0.143968001,0.084640004
6520000,0.064032435,0.052776918,0.067430764
6530000,0.008609534,-0.006490903,0.055717077
6540000,0.062500007,0.096428588,0.076785713
6550000,0.070833348,0.039285712,0.057758622
6560000,0.069444455,0.11923077,0.04305556
6570000,0.112500004,0.044969998,0.118496306
6580000,0.094642863,0.00723846,0.075009093
6590000,0.077272728,0.066876933,0.055533335
6600000,0.055330448,0.045505907,0.070560008
6610000,0.083595119,0.13636364,0.031434998
6620000,0.098090321,0.053690005,0.102572739
6630000,0.066273697,0.098169237,0.032295085
6640000,0.118181817,0.156561911,0.081944443
6650000,0.065000005,0.074247062,0.103571437
6660000,0.102785185,0.085043475,0.097131431
6670000,0.088508122,0.10853333,0.020611774
6680000,0.10952381,0.062407702,0.120588243
6690000,0.085999988,0.041400008,0.041650005
6700000,0.058915153,0.104166687,0.094061911
6710000,0.089969233,0.052272733,0.018421054
6720000,0.064655565,0.045454547,0.093018197
6730000,0.051181816,0.203293353,0.038453337
6740000,0.113115788,0.064837039,0.084883876
6750000,0.047237504,0.103571422,0.096460879
6760000,0.035568006,0.116653338,0.154339135
6770000,0.094444439,0.063340001,0.012970378
6780000,0.108102717,0.013333331,0.064772733
6790000,0.060839996,0.111895233,0.121944837
6800000,0.092418186,0.028580951,0.031083876
6810000,0.025868967,0.111476928,0.096851856
6820000,0.065875679,0.087512493,0.072250009
6830000,0.069400005,0.048669226,0.022037027
6840000,0.063636363,0.089771442,0.090685718
6850000,0.115336008,0.116666652,0.06532
6860000,0.085800007,0.123482376,0.094715789
6870000,0.083333336,0.082643487,0.06095
6880000,0.084090926,0.084999993,0.033969816
6890000,0.117052644,0.131600007,0.095817387
6900000,0.056731705,0.003694137,0.061721057
6910000,0.080392003,0.060416672,0.055427026
6920000,0.070351727,0.097800002,0.043749999
6930000,0.081210531,-0.025490001,0.167857155
6940000,0.157585725,0.117500015,0.063888893
6950000,0.050034784,0.06208276,0.06413044
6960000,0.144352973,0.093653329,0.097500011
6970000,0.047999997,0.105599992,0.107394598
6980000,0.117220692,0.065000005,0.092107326
6990000,0.044848282,0.020833334,0.06923078
7000000,0.11897894,0.096613348,0.11500001
7010000,0.079705559,0.04122353,0.09074074
7020000,0.063442625,0.0638889,0.056243747
7030000,0.232329428,0.066666663,0.034291428
7040000,0.050013795,0.085000008,0.051136367
7050000,0.104545444,0.043750003,0.080769233
7060000,0.138008714,0.189946681,0.082812496
7070000,0.058726665,0.02595556,0.047464009
7080000,0.100560002,0.057894733,0.020805551
7090000,0.062115557,0.098460607,0.137888908
7100000,0.081659265,0.063269995,0.066681482
7110000,0.125968009,0.11342223,0.032352943
7120000,0.047309522,0.051904351,0.109375
7130000,0.123318188,0.13000001,0.057692304
7140000,0.073761538,-0.018000003,0.055681821
7150000,0.069672711,0.08755555,0.067857139
7160000,0.077509999,0.097333342,0.068125002
7170000,0.09291333,0.062399995,0.129968002
7180000,0.031948153,0.030484626,0.059534788
7190000,0.131578952,0.044268966,0.053868964
7200000,0.031578943,0.097185194,0.082866661
7210000,0.061538465,0.033882346,0.106958337
7220000,0.067863829,0.127215385,0.049484219
7230000,0.067360006,0.045486953,0.061780654
7240000,0.141666666,0.045147829,0.082999997
7250000,0.118055567,0.094783321,0.058695655
7260000,0.084999993,0.019881485,0.065909095
7270000,0.105882354,0.074660875,0.083333328
7280000,0.029032262,0.050728887,0.100507699
7290000,0.127406448,0.096544832,0.108200006
7300000,0.035641663,0.080262505,0.05352632
7310000,0.086109094,-0.015600001,0.082829408
7320000,0.042323079,0.07692308,0.031404655
7330000,0.074131034,0.12276002,0.06413044
7340000,0.093084224,0.078210011,0.045784127
7350000,0.067829624,0.049733333,0.070635006
7360000,0.080000006,0.09998519,0.08686924
7370000,0.106666662,0.021059996,0.006868291
7380000,0.151678279,0.040688895,0.085000008
7390000,0.08556924,0.048029624,0.12687692
7400000,0.072714292,0.080555558,0.078427024
7410000,0.050026093,0.064644448,0.072619058
7420000,0.072222225,0.045457136,0.136776477
7430000,0.084177151,0.100000001,0.080449998
7440000,0.061000001,0.14760001,0.058546342
7450000,0.101158336,0.039340001,0.092500009
7460000,0.059260014,0.043819055,0.057291672
7470000,0.033362962,0.13567619,0.084375009
7480000,0.123790495,0.059109095,0.116468579
7490000,0.078278258,0.062000003,0.074962169
7500000,0.057142861,0.101377793,0.096017025
7510000,0.073529415,0.063525014,0.060637042
7520000,0.096630774,-0.002610533,0.098476201
7530000,0.059956249,0.089583337,0.080780007
7540000,0.09720625,0.059251856,0.047240745
7550000,0.064924322,0.005894116,0.092585191
7560000,0.113235302,0.064000003,0.116666675
7570000,0.106451616,0.06400001,0.052380957
7580000,0.067567572,0.096428573,0.079687499
7590000,0.087048486,0.080331035,0.101724148
7600000,0.094048277,0.134262502,0.051515151
7610000,0.106495664,0.037178565,0.098627031
7620000,0.058235999,0.069050014,0.003251617
7630000,0.081853338,0.029073684,0.055357147
7640000,0.082005888,0.005611772,0.074193552
7650000,0.070984624,0.076078266,0.098148145
7660000,0.067778572,0.021438096,0.022841668
7670000,0.084482148,0.099975757,0.109890006
7680000,0.075957894,0.044318188,0.067870967
7690000,0.058771424,-0.027393553,0.067647062
7700000,0.055882353,0.13997601,0.073076934
7710000,0.096296303,0.044727281,0.068999998
7720000,0.040322576,0.061725922,0.057500001
7730000,0.159960017,0.116666667,0.08392857
7740000,0.044466674,0.075000025,0.06718751
7750000,0.069642857,0.108333342,0.084999993
7760000,0.040909097,0.094642855,0.097058833
7770000,0.066904001,0.090384625,0.060416672
7780000,0.073779486,0.142276943,0.100000001
7790000,0.055,0.051537499,0.129817143
7800000,0.067187496,0.052226085,0.084779486
7810000,0.099648781,0.074999996,0.11048422
7820000,0.066380948,0.108152397,0.042622223
7830000,0.102476478,0.035726324,0.079545461
7840000,0.135558352,0.100000009,0.164676204
7850000,0.080384612,0.099980965,0.060257696
7860000,0.070237838,0.033352394,0.048336007
7870000,0.105548151,0.045454532,0.092063174
7880000,0.108316667,0.170564726,0.044466659
7890000,0.063121431,0.052011766,0.008029635
7900000,0.112836361,0.058225013,0.095000006
7910000,0.059703216,0.014015994,0.094422236
7920000,0.066682927,0.074672021,0.036024008
7930000,0.047290318,-0.006147374,0.086666673
7940000,0.078409098,0.138188243,0.088636369
7950000,0.081533343,0.087521434,0.056863416
7960000,0.082102701,0.085490324,0.078744009
7970000,0.069642857,0.030769227,0.13636364
7980000,0.102083333,0.086186208,0.059999999
7990000,0.202894136,0.069946676,0.107692324
8000000,0.055737149,0.097188234,0.116395555
8010000,0.086288005,0.119613335,0.046283334
8020000,0.052526321,0.018726315,0.115814291
8030000,0.05563847,0.068283871,0.056157585
8040000,0.067181244,0.040118527,0.078333341
8050000,0.058191665,0.138430789,0.092480853
8060000,0.055696297,0.039594445,0.053023528
8070000,0.123800009,0.056221429,0.047160011
8080000,0.091939144,0.053225007,0.053846154
8090000,0.040384613,0.071270011,0.114285722
8100000,0.114565216,0.076095238,0.097454235
8110000,0.081551723,0.112500004,0.041656524
8120000,0.074138187,0.039583337,0.042782612
8130000,0.111514293,0.11175295,0.106756754
8140000,0.019230757,0.037490003,0.068604648
8150000,0.104221061,0.088415392,0.078749999
8160000,0.041750003,0.021808699,0.088461541
8170000,0.085714296,0.09452942,0.144811764
8180000,0.072222225,0.046200011,0.037521213
8190000,0.050755557,0.044444446,0.070264518
8200000,0.063769236,0.046428576,0.040054552
8210000,0.071227588,0.080105275,0.083323814
8220000,0.048214298,0.071950004,0.065157577
8230000,0.046250001,0.096400008,0.105281487
8240000,0.10616412,0.055535719,0.08218126
8250000,0.028383996,0.130937502,0.072109811
8260000,0.098254547,0.026494125,0.063281253
8270000,0.065118194,0.079976007,0.067500003
8280000,0.101086959,0.01306957,0.060000006
8290000,0.079224251,0.119123809,0.099427596
8300000,0.146173343,0.133226693,0.031180652
8310000,0.090000004,0.106818192,0.147894114
8320000,0.048596006,0.128260881,0.085359998
8330000,0.109887511,0.044750001,0.068976194
8340000,0.086490907,0.082720004,0.05139048
8350000,0.049999997,0.062944002,0.082032003
8360000,0.080764107,0.040278263,0.089756511
8370000,0.015800014,0.133323818,0.094230779
8380000,0.094642855,0.047329403,0.120356523
8390000,0.069027588,0.113100007,0.041465305
8400000,0.055356756,0.017578378,0.141285717
8410000,0.068333343,0.0898,0.058714278
8420000,0.049166668,0.041675556,0.129756525
8430000,0.114276193,0.099980652,0.05701334
8440000,0.04630667,0.027800007,0.102361925
8450000,0.109677784,0.096729413,0.032231119
8460000,0.071007706,0.084309094,0.114043482
8470000,0.047960978,0.056556519,0.051750001
8480000,0.09375,0.065384619,0.05638298
8490000,0.189431578,0.057499997,0.103206456
8500000,0.074308574,0.089634486,0.080273688
8510000,0.059090912,0.002199999,0.099976912
8520000,0.069230773,0.083336592,0.038175005
8530000,0.055882353,0.025431579,0.055004768
8540000,0.056666665,0.214573354,0.119938463
8550000,0.089140542,0.049256001,0.050018188
8560000,0.06193684,0.054545462,0.062814556
8570000,0.131718189,0.07500001,0.077759996
8580000,0.077863641,0.097727276,0.092766665
8590000,0.071476929,0.072500005,0.099531814
8600000,0.019809525,0.087976001,0.028000006
8610000,0.096359998,0.057171427,0.119642876
8620000,0.096483864,0.089995563,0.055952378
8630000,0.078846157,0.039484218,0.143938467
8640000,0.069444448,0.059999991,0.068668
8650000,0.070510343,0.046153847,0.06692341
8660000,0.077430002,0.134482354,0.065000005
8670000,0.092800006,0.065125011,0.068333335
8680000,0.06741333,0.116872728,0.086027905
8690000,0.053305879,0.080100007,0.039682765
8700000,0.040800001,0.101164289,0.117373936
8710000,0.0625,0.090263642,0.112507142
8720000,0.090277776,0.06976445,0.083935715
8730000,0.107142858,0.173840016,0.051892322
8740000,0.077083334,0.077930436,0.024266668
8750000,0.095833339,0.099487998,0.063333325
8760000,0.079687506,0.030512003,0.047368426
8770000,0.122222222,0.088461533,0.061538462
8780000,0.13122499,0.110799991,0.083091423
8790000,0.041948386,0.046157576,0.089225002
8800000,0.112048283,0.071153849,1.48E-05
8810000,0.052700005,0.113008708,0.106425814
8820000,0.068896554,0.006461907,0.055712521
8830000,0.07631579,0.162711114,0.052200004
8840000,0.16469413,0.121442862,0.073076941
8850000,0.077075005,0.05504667,0.095454544
8860000,0.062800005,0.047114287,0.074174196
8870000,0.09285716,0.123771437,0.08810477
8880000,0.089583345,0.04051429,0.068297565
8890000,0.077791117,0.136956513,0.134842426
8900000,0.094422214,0.103528589,0.032264516
8910000,0.111984007,0.106855571,0.104506671
8920000,0.056511771,0.040676478,0.063233338
8930000,0.092675678,0.064975761,0.087499999
8940000,0.074790478,0.144117668,0.082500003
8950000,0.049104352,0.015789479,0.044190701
8960000,0.101710357,0.05208334,0.083333336
8970000,0.094023071,0.108333334,0.089285709
8980000,0.037208706,0.0534091,0.066129036
8990000,0.119530439,0.039999999,0.127399996
9000000,0.087528579,0.094230764,0.025948143
9010000,0.054774076,0.052500002,0.02954546
9020000,0.086177275,0.05520834,0.108333342
9030000,0.043790001,0.112885714,0.06666667
9040000,0.084117077,0.107666671,0.059999999
9050000,0.111992009,0.042422231,0.068750001
9060000,0.026883332,0.085148156,0.076388888
9070000,0.08037369,0.071146667,0.090825811
9080000,0.07500001,0.07104376,0.101056255
9090000,0.061766669,0.072150007,0.03046087
9100000,0.036131039,0.020007996,0.113772415
9110000,0.066356868,0.082500003,0.047852166
9120000,0.031508103,0.054213792,0.097999997
9130000,0.0625,0.114530772,0.022413796
9140000,0.063235298,0.050000001,0.189946681
9150000,0.089473687,0.06428571,0.037609089
9160000,0.166638091,0.055000003,0.042585365
9170000,0.053048484,0.063636363,0.094117656
9180000,0.056249999,0.085714288,0.18968235
9190000,0.07564801,0.051923078,0.053973336
9200000,0.050283872,0.130952388,0.025843242
9210000,0.095454551,0.050000004,0.056578953
9220000,0.089285716,0.037500001,0.102272734
9230000,0.084090911,0.042857148,0.087499999
9240000,0.119430304,0.050520007,0.133314297
9250000,0.108777784,0.077424996,0.040531576
9260000,0.090407699,0.104286678,0.068700001
9270000,0.082490005,8.69E-06,0.042500012
9280000,0.060008891,0.076037049,0.066279069
9290000,0.095833331,0.053879991,0.055952385
9300000,0.108972982,0.081668973,0.100000009
9310000,0.041183677,0.10701818,0.100000009
9320000,0.061538454,0.123775765,0.188066661
9330000,0.032361291,0.073735714,0.052079171
9340000,0.079085715,0.037533335,0.088911109
9350000,0.068779491,0.090369232,0.032758623
9360000,0.073809519,0.081100002,0.057692312
9370000,0.051533338,0.042400002,0.089680001
9380000,0.078431584,0.076666676,0.075343743
9390000,0.128554285,0.044117648,0.072097674
9400000,0.038857143,0.112955563,0.080681816
9410000,0.059594445,0.036369696,0.117643252
9420000,0.084678955,0.048529416,0.072777152
9430000,0.063271999,0.102434151,0.095833324
9440000,0.068866678,0.055769235,0.057812493
9450000,0.097500004,0.056957148,0.034722224
9460000,0.063636363,0.069423079,0.07900741
9470000,0.101851851,0.068006657,0.0727394
9480000,0.071999997,0.080007419,0.09862069
9490000,0.07083334,0.119999982,0.044150949
9500000,0.085000016,0.080193557,0.051666673
9510000,0.105121218,0.058486491,0.096258543
9520000,0.027181821,0.028124999,0.105170012
9530000,0.069274515,0.074230313,0.102245457
9540000,0.073076919,0.019582603,0.056275003
9550000,0.05875,0.151837051,0.054081637
9560000,0.065593556,0.033348147,0.060869567
9570000,0.064139389,0.153863162,0.136800006
9580000,0.091071442,0.148016691,0.00655653
9590000,0.100335144,0.091490917,0.059090912
9600000,0.10139259,0.115966685,0.083072729
9610000,0.104166679,0.116981827,0.036910202
9620000,0.087499999,0.033664282,0.061111119
9630000,0.08392857,0.038114283,0.083333343
9640000,0.057352941,0.137609527,0.07
9650000,0.079805717,0.01519259,0.082331717
9660000,0.096416667,0.17282401,0.059029788
9670000,0.104722232,0.075209528,0.093103454
9680000,0.013386671,0.048076924,0.075810015
9690000,0.100444444,0.064705878,0.025283875
9700000,0.107418753,0.095454559,0.101388894
9710000,0.070017152,0.131578952,0.057253335
9720000,0.115489654,0.065741673,0.100575618
9730000,0.031621069,0.071986668,0.066000007
9740000,0.074451067,0.038503997,0.073437504
9750000,0.016696295,0.110714294,0.137209311
9760000,0.052499995,0.070454553,0.053129032
9770000,0.111968003,0.116752386,0.039897438
9780000,0.079417653,0.082516283,0.132737935
9790000,0.058641382,0.132142827,0.050017145
9800000,0.06666667,0.025000006,0.057142861
9810000,0.161609545,0.075333335,0.096206903
9820000,0.052311119,0.083300002,0.048095241
9830000,0.106172226,0.056038897,0.058333337
9840000,0.070603922,0.044007149,0.085714288
9850000,0.095000006,0.035425007,0.06727273
9860000,0.089705884,0.058666676,0.056666669
9870000,0.070454553,0.132290021,0.075000003
9880000,0.117356531,0.039145954,0.062500007
9890000,0.055118367,0.085416667,0.065726988
9900000,0.057142865,0.13000001,0.041435298
9910000,0.122222215,0.030952377,0.01278666
9920000,0.085000001,0.028125007,0.105380647
9930000,0.104545467,0.063461542,0.072010264
9940000,0.042647056,0.090715796,0.060284216
9950000,0.082142867,0.066490911,0.048509099
9960000,0.093340538,0.05655653,0.05225946
9970000,0.083856001,0.086736001,0.09351667
9980000,0.081380963,0.055206247,0.080777779
9990000,0.043258056,0.06059999,0.098028004
10000000,0.163967997,0.035526317,0.087894738
